name,condition,snr_db,seed,prediction,wer,cer,noisy_path
../data/fr_001.wav,noisy,20,42," Bonjour, je m'appelle Noé, et ceci est mon premier test de reconnaissance vocale.",0.0,0.0,../data/noise/fr/fr_001_snr20.wav
../data/fr_001.wav,noisy,10,42," Manu, un hôtel, c'est un premier type de commissaire de palais.",0.9230769230769231,0.5584415584415584,../data/noise/fr/fr_001_snr10.wav
../data/fr_001.wav,noisy,5,42," Bonne nuit, un motel m'a eu effectué en un premier temps de la conversation avec moi.",1.0769230769230769,0.6103896103896104,../data/noise/fr/fr_001_snr5.wav
../data/fr_001.wav,noisy,0,42," Bonne nuit, je m'en occupe, je ne vais pas te le faire, je n'arrive pas.",1.0769230769230769,0.7012987012987013,../data/noise/fr/fr_001_snr0.wav
../data/fr_002.wav,noisy,20,43," Aujourd'hui il fait beau, je vais travailler sur mon projet de type l'avenir.",0.21428571428571427,0.15584415584415584,../data/noise/fr/fr_002_snr20.wav
../data/fr_002.wav,noisy,10,43," Aujourd'hui c'est beau, je vais travailler sur mon pose et les diplômes.",0.5,0.3246753246753247,../data/noise/fr/fr_002_snr10.wav
../data/fr_002.wav,noisy,5,43," Aujourd'hui c'est bon, je vais travailler sur mon pose et les diplômes.",0.5714285714285714,0.36363636363636365,../data/noise/fr/fr_002_snr5.wav
../data/fr_002.wav,noisy,0,43," C'est un peu joli, mais c'est un peu joli, mais c'est un peu joli, mais c'est un peu joli, mais c'est un peu joli, mais c'est un peu joli, mais c'est un peu joli, mais c'est un peu joli, mais c'est un peu joli, mais c'est un peu joli, mais c'est un peu joli, mais c'est un peu joli, mais c'est un peu joli, mais c'est un peu joli, mais c'est un peu joli, mais c'est un peu joli, mais c'est un peu joli, mais c'est un peu joli, mais c'est un peu joli, mais c'est un peu joli, mais c'est un peu joli, mais c'est un peu joli, mais c'est un peu joli, mais c'est un peu joli, mais c'est un peu joli, mais c'est un peu joli, mais c'est un peu joli, mais c'est un peu joli, mais c'est un peu joli, mais c'est un peu joli, mais c'est un peu joli, mais c'est un peu joli, mais c'est un peu joli, mais c'est un peu joli, mais c'est un peu joli, mais c'est un peu joli, mais c'est un peu joli, mais c'est un peu joli, mais c'est un peu joli, mais c'est un peu joli, mais c'est un peu joli, mais c'est un peu joli, mais c'est un peu joli, mais c'oli, mais c'oli, mais c'oli, mais c'oli, mais c'oli, mais c'oli, mais c'oli, mais c'oli, mais c'oli, mais c'oli, mais c'oli, mais c'",17.0,12.922077922077921,../data/noise/fr/fr_002_snr0.wav
../data/fr_003.wav,noisy,20,44, le modèle doit transformer un signal audio à une transcription correcte,0.09090909090909091,0.027777777777777776,../data/noise/fr/fr_003_snr20.wav
../data/fr_003.wav,noisy,10,44, Le modèle doit transformer un signal audio à une transcription correcte.,0.09090909090909091,0.027777777777777776,../data/noise/fr/fr_003_snr10.wav
../data/fr_003.wav,noisy,5,44, Le modèle doit transformer un signal au lieu d'une transcription correcte.,0.2727272727272727,0.08333333333333333,../data/noise/fr/fr_003_snr5.wav
../data/fr_003.wav,noisy,0,44," le modèle de la transporte n'est ni en haut, ni en haut, ni en haut, ni en haut, ni en haut, ni en haut, ni en haut, ni en haut, ni en haut, ni en haut, ni en haut, ni en haut, ni en haut, ni en haut, ni en haut, ni en haut, ni en haut, ni en haut, ni en haut, ni en haut, ni en haut, ni en haut, ni en haut, ni en haut, ni en haut, ni en haut, ni en haut, ni en haut, ni en haut, ni en haut, ni en haut, ni en haut, ni en haut, ni en haut, ni en haut, ni en haut, ni en haut, ni en haut, ni en haut, ni en haut, ni en haut, ni en haut, ni en haut, ni en haut, ni en haut, ni en haut, ni en haut, ni en haut, ni en haut, ni en haut, ni en haut, ni en haut, ni en haut, ni en haut, ni en haut, ni en haut, ni en haut, ni en haut, ni en haut, ni en haut, ni en haut, ni en haut, ni en haut, ni en haut, ni en haut, ni en haut, ni en haut, ni en haut, ni en haut, ni en haut, ni en haut, ni en haut, ni en haut, ni en haut, ni en haut, ni en haut, ni en haut, ni en haut, ni en haut, ni en haut, ni en haut, ni en haut, ni en haut, ni en haut, ni en haut, ni en haut, ni en haut, ni en haut, ni en haut, ni en haut, ni en haut, ni en haut, ni en haut, ni en haut, ni en haut, ni en haut, ni en haut, ni en haut, ni en haut, ni en haut, ni en haut, ni en haut, ni en haut, ni en haut, ni en haut, ni en haut, ni en haut, ni en haut, ni en haut",30.0,16.38888888888889,../data/noise/fr/fr_003_snr0.wav
../data/fr_004.wav,noisy,20,45, Je voudrais savoir si le système transforme bien les phrases prononcées rapidement.,0.08333333333333333,0.125,../data/noise/fr/fr_004_snr20.wav
../data/fr_004.wav,noisy,10,45, Je voudrais savoir si le système transforme bien les phrases prononcées rapide.,0.16666666666666666,0.175,../data/noise/fr/fr_004_snr10.wav
../data/fr_004.wav,noisy,5,45," V3 sauvage du système transforme, l'une des phrases prononce la firmeur.",0.9166666666666666,0.5375,../data/noise/fr/fr_004_snr5.wav
../data/fr_004.wav,noisy,0,45, Et vous dressez à vous assurer le système de crâne pour ne le crâne pour ne pas se raffirmer.,1.4166666666666667,0.65,../data/noise/fr/fr_004_snr0.wav
../data/fr_005.wav,noisy,20,46, et résoudre les neurones peut apprendre à reconnaître la parole dans différentes langues.,0.3076923076923077,0.13333333333333333,../data/noise/fr/fr_005_snr20.wav
../data/fr_005.wav,noisy,10,46, Les raiseurs et les rônes ne peuvent pas être l'objet d'un type éran long.,1.0,0.6111111111111112,../data/noise/fr/fr_005_snr10.wav
../data/fr_005.wav,noisy,5,46, Les réserves ne vont pas s'arrêter de s'arrêter et de ne pas s'arrêter de s'arrêter de s'arrêter de s'arrêter de s'arrêter de s'arrêter de s'arrêter de s'arrêter de s'arrêter de s'arrêter de s'arrêter de s'arrêter de s'arrêter de s'arrêter de s'arrêter de s'arrêter de s'arrêter de s'arrêter de s'arrêter de s'arrêter de s'arrêter de s'arrêter de s'arrêter de s'arrêter de s'arrêter de s'arrêter de s'arrêter de s'arrêter de s'arrêter de s'arrêter de s'arrêter de s'arrêter de s'arrêter de s'arrêter de s'arrêter de s'arrêter de s'arrêter de s'arrêter de s'arrêter de s'arrêter de s'arrêter de s'arrêter de s'arrêter de s'arrêter de s'arrêter de s'arrêter de s'arrêter de s'arrêter de s'arrêter de s'arrêter de s'arrêter de s'arrêter de s'arrêter de s'arrêter de s'arrêter de s'arrêter de s'arrêter de s'arrêter de s'arrêter de s'arrêter de s'arrêter de s'arrêter de s'arrêter de s'arrêter de s'arrêter de s'arrêter de s'arrêter de s'arrêter de s'arrêter de s'arrêter de s'arrêter de s'arrêter de s'arrêter de s'arrêter de s'arrêter de s'arrêter de s'arrêter de s'arrêter de s'arrêter de s'arrêter de s'arrêter de s'arrêter de s'arrêter de s'arrêter de s'arrêter de,13.846153846153847,11.333333333333334,../data/noise/fr/fr_005_snr5.wav
../data/fr_005.wav,noisy,0,46, et le réjouement de l'arrivée de l'opal et de l'an plan.,1.0,0.7,../data/noise/fr/fr_005_snr0.wav
